"sub_id";"sub_code";"subject_name";"subject_fullname";"sem_id";"b_id";"f_id";"sub_type";"elective_of";"prerequisite";"prerequisite_marks";"marks";"submission";"termwork";"termwork_marks";"practical";"practical_marks";"endsem";"endsem_marks";"img"
"1";"ITC301";"AM-III";"Applications of Mathematics in Engineering - I";"3";"2";"43";"1";"1";"0";"0";"1";"0";"1";"25";"0";"0";"1";"60";"common.png"
"2";"ITC302";"DSA";"Data Strucutres and Analysis";"3";"2";"1";"1";"1";"0";"0";"1";"0";"0";"0";"0";"0";"1";"60";"common.png"
"3";"ITC303";"DBMS";"Database Management Systems";"3";"2";"28";"1";"1";"0";"0";"1";"0";"0";"0";"0";"0";"1";"60";"common.png"
"4";"ITC304";"COA";"Computer Organization and Organization";"3";"2";"1";"1";"1";"0";"0";"1";"0";"0";"0";"0";"0";"1";"60";"common.png"
"5";"ITC305";"SE";"Software Engineering";"3";"2";"1";"1";"1";"1";"10";"1";"0";"0";"0";"0";"0";"1";"45";"common.png"
"6";"1UITL302";"DSL";"Data Strucutres Lab";"3";"2";"16";"0";"1";"0";"0";"0";"0";"1";"25";"1";"25";"0";"0";"common.png"
"7";"1UITL303";"SQL";"SQL Lab";"3";"2";"32";"0";"1";"0";"0";"0";"0";"1";"25";"1";"25";"0";"0";"common.png"
"8";"ITL304";"MP LAB";"Microprocessor & Microcontroller Lab";"3";"2";"1";"0";"1";"0";"0";"0";"0";"1";"25";"0";"0";"0";"0";"common.png"
"9";"1UITPR31";"PBL + SBL";"Project Based Learning: Mini Project - I (Java Based Mini Project)";"3";"2";"1";"0";"1";"0";"0";"0";"0";"1";"25";"1";"25";"0";"0";"common.png"
"10";"1UIXX33";"SBL-JAVA";"Skill Based Learning (Java Programming)";"3";"2";"20";"0";"1";"0";"0";"0";"0";"1";"0";"0";"0";"0";"0";"common.png"
"11";"1UITXA34";"ABL";"Activity Based Learning (Theme: Engineer and Society)";"3";"11";"15";"0";"1";"0";"0";"0";"0";"0";"0";"0";"0";"0";"0";"common.png"
"12";"1UITC501";"IP";"Internet Programming";"5";"2";"20";"1";"1";"0";"0";"1";"0";"0";"0";"0";"0";"1";"60";"common.png"
"13";"1UITC502";"CNS";"Computer Network Security ";"5";"2";"9";"1";"1";"0";"0";"1";"0";"0";"0";"0";"0";"1";"60";"common.png"
"14";"1UITC503";"EEB";"Entrepreneurship and E Business";"5";"2";"1";"1";"1";"1";"10";"1";"0";"0";"0";"0";"0";"1";"60";"common.png"
"16";"ITDLC5051";"ADMSIR";"Advance Database Management System and Information Retrieval";"5";"2";"32";"1";"2";"0";"0";"1";"0";"0";"0";"0";"0";"1";"60";"common.png"
"17";"ITDLC5054";"ADSAPA";"Advance Data Structures and Algorithmic Performance Analysis";"5";"2";"1";"1";"2";"0";"0";"1";"0";"0";"0";"0";"0";"1";"60";"common.png"
"18";"1UITC506";"BCE";"Business Communication and Ethics";"5";"2";"1";"1";"1";"0";"0";"0";"1";"1";"25";"1";"25";"0";"0";"common.png"
"19";"1UITL501";"IPL";"Internet Programming Lab";"5";"2";"1";"0";"1";"0";"0";"0";"1";"1";"25";"1";"25";"0";"0";"common.png"
"20";"1UITL502";"SL";"Security Lab";"5";"2";"9";"0";"1";"0";"0";"0";"1";"1";"25";"0";"0";"0";"0";"common.png"
"21";"ITL504";"IoT Lab";"IoT Lab";"5";"2";"1";"0";"1";"0";"0";"0";"1";"1";"25";"1";"25";"0";"0";"common.png"
"22";"1UITLDLL5051";"ADIRL";"Advance Databases and Information Retrieval Lab";"5";"2";"32";"0";"3";"0";"0";"0";"1";"1";"25";"0";"0";"0";"0";"common.png"
"23";"ITDLL5054";"AAL";"Algorithmic Analysis Lab";"5";"2";"1";"0";"3";"0";"0";"0";"1";"1";"25";"0";"0";"0";"0";"common.png"
"24";"1UITPR53";"PBL + TBL";"Project Based Learning: Minor Project - I (WAD with CI/CD Minor project)";"5";"2";"1";"0";"1";"0";"0";"0";"1";"1";"25";"1";"25";"0";"0";"common.png"
"25";"1UITXS57";"SBL";"Skill Based Learning (Aptitude or logic Buiding and Competitive Programming)";"5";"2";"9";"1";"1";"0";"0";"0";"0";"0";"0";"0";"0";"0";"0";"common.png"
"26";"ITL506L";"BCE Lab";"BCE Lab";"5";"2";"1";"0";"1";"0";"0";"0";"0";"0";"0";"0";"0";"0";"0";"common.png"
"27";"1UITC701";"AI & DS II";"Artificial Intellignece & Data Science II";"7";"2";"16";"1";"1";"0";"0";"1";"0";"0";"0";"0";"0";"1";"60";"common.png"
"28";"1UITC702";"IoE";"Internet of Enverything";"7";"2";"15";"1";"1";"0";"0";"1";"0";"0";"0";"0";"0";"1";"60";"common.png"
"29";"ITDLC7031";"RL";"Reinforcement Learning";"9";"2";"1";"1";"2";"0";"0";"1";"0";"0";"0";"0";"0";"1";"60";"common.png"
"30";"ITDLC7034";"STQA";"Software Testing and Quality Analysis";"7";"2";"14";"1";"2";"0";"0";"1";"0";"0";"0";"0";"0";"1";"60";"common.png"
"31";"ITDLC7041";"MLDL";"Machine Learning and Deep Learning";"7";"2";"11";"1";"3";"0";"0";"1";"0";"0";"0";"0";"0";"1";"60";"common.png"
"32";"ITDLC7044";"UIUX";"UIUX";"7";"2";"32";"1";"3";"0";"0";"1";"0";"0";"0";"0";"0";"1";"60";"common.png"
"33";"1UILC7053";"MIS";"Management Information System";"7";"2";"1";"1";"4";"0";"0";"1";"0";"0";"0";"0";"0";"1";"60";"common.png"
"34";"1UILC7055";"PLC";"Product Lifecycle Management ";"9";"2";"1";"1";"4";"0";"0";"1";"0";"0";"0";"0";"0";"1";"60";"common.png"
"35";"1UITL701";"AI & DS II Lab";"Artificial Intelligence & Data Science II Lab";"7";"2";"16";"0";"1";"0";"0";"0";"1";"1";"25";"1";"25";"0";"0";"common.png"
"36";"1UITL702";"IoEL";"Internet of Everything Lab";"7";"2";"15";"0";"1";"0";"0";"0";"1";"1";"25";"1";"25";"0";"0";"common.png"
"37";"ITLDLL7041";"ML & DL LAB";"Machine Learning and Deep Learning Lab";"7";"2";"11";"0";"5";"0";"0";"0";"1";"1";"25";"1";"25";"0";"0";"common.png"
"38";"ITLDLL7044";"UI Lab";"UI Lab";"7";"2";"32";"0";"5";"0";"0";"0";"1";"1";"25";"1";"25";"0";"0";"common.png"
"39";"1UITPR75";"PBL";"Project Based Learning - Major Project A";"7";"2";"1";"0";"1";"0";"0";"0";"1";"1";"25";"1";"50";"0";"0";"common.png"
"40";"1UEXC301";"AME-I";"Applications of Mathematics in Engineering-I";"3";"3";"55";"1";"1";"1";"10";"1";"1";"1";"25";"0";"0";"1";"60";" common.png"
"41";"1UEXC302";"DLD";"Digital Logic Design ";"3";"3";"103";"1";"1";"1";"10";"1";"0";"0";"0";"0";"0";"1";"60";" common.png"
"42";"1UEXC303";"EDLC";"Electronic Devices & Linear Circuits";"3";"3";"70";"1";"1";"1";"10";"1";"0";"0";"0";"0";"0";"1";"60";" common.png"
"43";"1UEXC304";"EICS";"Electronic Instrumentation and Control System ";"3";"3";"104";"1";"1";"1";"10";"1";"0";"0";"0";"0";"0";"1";"60";" common.png"
"44";"1UEXC305";"ENT";"Electrical Network Theory";"3";"3";"73";"1";"1";"1";"10";"1";"0";"0";"0";"0";"0";"1";"45";" common.png"
"45";"1UEXL302";"DLDL";"Digital Logic Design Laboratory";"3";"3";"103";"0";"1";"0";"0";"0";"1";"1";"25";"1";"25";"0";"0";" common.png"
"46";"1UEXL303";"EDLCL";"Electronic Devices & Linear Circuits Laboratory";"3";"3";"70";"0";"1";"0";"0";"0";"1";"1";"25";"1";"25";"0";"0";" common.png"
"47";"1UEXL304";"EICSL";"Electronic Instrumentation and Control System Laboratory";"3";"3";"104";"0";"1";"0";"0";"0";"1";"1";"25";"0";"0";"0";"0";" common.png"
"48";"1UEXPR31";"PBL-I";"Project Based Learning- Mini Project Lab-I";"3";"3";"76";"1";"1";"1";"10";"0";"1";"1";"25";"1";"25";"0";"0";" common.png"
"49";"1UEXXS33";"SBL-III";"Skill Based Learning-III";"3";"3";"119";"0";"1";"1";"20";"0";"0";"0";"0";"0";"0";"0";"0";" common.png"
"50";"1UEXXA34";"PBL-I + SBL-IV";"Project Based Learning- Mini Project Lab-I + Skill Based Learning-IV	";"3";"3";"104";"0";"1";"1";"20";"0";"0";"0";"0";"0";"0";"0";"0";" common.png"
"51";"EXC503";"CCN";"Computer Communication Networks";"5";"3";"75";"1";"1";"1";"10";"1";"0";"0";"0";"0";"0";"1";"60";" common.png"
"52";"1UEXC502";"DVD";"Digital VLSI Design";"5";"3";"114";"1";"1";"1";"10";"1";"0";"0";"0";"0";"0";"1";"60";" common.png"
"53";"1UEXC503";"DTSP";"Discrete Time Signal Processing";"5";"3";"77";"1";"1";"1";"10";"1";"0";"0";"0";"0";"0";"1";"60";" common.png"
"54";"1UEXC504";"RSA";"Random Signal Analysis";"5";"3";"78";"1";"1";"1";"10";"1";"0";"0";"0";"0";"0";"1";"60";" common.png"
"55";"1UEXDLC5051";"DCE";"Department Level Elective Course - I
Data Compression & Encryption";"5";"3";"99";"1";"2";"1";"10";"1";"0";"0";"0";"0";"0";"1";"60";" common.png"
"56";"1UEXDLC5052";"ST";"Department Level Elective Course - I
Sensor Tech0logy";"5";"3";"110";"1";"2";"1";"10";"1";"0";"0";"0";"0";"0";"1";"60";" common.png"
"57";"1UEXDLC5054";"DSA";"Department Level Elective Course - I
Data Structure and Algorithms";"5";"3";"72";"1";"2";"1";"10";"1";"0";"0";"0";"0";"0";"1";"60";" common.png"
"58";"1UEXL501";"DCOML";"Digital Communication Laboratory";"11";"3";"75";"0";"1";"0";"0";"0";"1";"1";"25";"1";"25";"0";"0";" common.png"
"59";"1UEXL502";"DVDL";"Digital VLSI Design Laboratory";"5";"3";"114";"0";"1";"0";"0";"0";"1";"1";"25";"1";"25";"0";"0";" common.png"
"60";"1UEXL503";"DTSPL";"Discrete Time Signal Processing Laboratory";"5";"3";"77";"0";"1";"0";"0";"0";"1";"1";"25";"0";"0";"0";"0";" common.png"
"61";"1UEXDLL5051";"DCEL";"Department Level Elective Course Laboratory - I
Data Compression & Encryption";"5";"3";"79";"0";"3";"0";"0";"0";"1";"1";"25";"0";"0";"0";"0";" common.png"
"62";"1UEXDLL5052";"STL";"Department Level Elective Course Laboratory - I
Sensor Tech0logy";"5";"3";"110";"0";"3";"0";"0";"0";"1";"1";"25";"0";"0";"0";"0";" common.png"
"63";"1UEXDLL5054";"DSAL";"Department Level Elective Course Laboratory- I
Data Structure and Algorithms";"5";"3";"72";"0";"3";"0";"0";"0";"1";"1";"25";"0";"0";"0";"0";" common.png"
"64";"EXXAL511";"BCEL";"Business Communication & Ethics  Laboratory";"5";"3";"26";"0";"1";"1";"10";"0";"1";"1";"25";"1";"25";"0";"0";" common.png"
"65";"EXPR54";"PBL - II";"Community Engagement : Project Based Learning – Minor Project Lab";"5";"3";"114";"1";"1";"1";"10";"0";"1";"1";"25";"1";"25";"0";"0";" common.png"
"66";"EXXS510";"SAT X";"Skill Enhancement SAT X Based Learning -VII";"5";"3";"121";"1";"1";"1";"20";"0";"0";"0";"0";"0";"0";"0";"0";" common.png"
"67";"EXPRL54";"PBLL II";"Project Based Learning – Minor Project Lab";"5";"3";"119";"0";"1";"1";"20";"0";"0";"0";"0";"0";"0";"0";"0";" common.png"
"68";"EXC701";"MWE";"Microwave Engineering";"7";"3";"102";"1";"1";"1";"10";"1";"0";"0";"0";"0";"0";"1";"60";" common.png"
"69";"EXC702";"MCS";"Mobile Communication Systems";"7";"3";"79";"1";"1";"1";"10";"1";"0";"0";"0";"0";"0";"1";"60";" common.png"
"70";"1UEXDLC7033";"ESR";"Department Level Elective Course  – III
Embedded Systems & RTOS";"9";"3";"109";"1";"2";"1";"10";"1";"0";"0";"0";"0";"0";"1";"60";" common.png"
"71";"EXDLC7034";"BDA";"Department Level Elective Course  – III
Big Data Analytics";"7";"3";"121";"1";"2";"1";"10";"1";"0";"0";"0";"0";"0";"1";"60";" common.png"
"72";"1UEXDLC7041";"NNDL";"Department Level Elective Course – IV
Neural Network and Deep Learning";"7";"3";"74";"1";"3";"1";"10";"1";"0";"0";"0";"0";"0";"1";"60";" common.png"
"73";"EXDLC7044";"CCS";"Department Level Elective Course – IV
Cloud Computing & Security";"7";"3";"76";"1";"3";"1";"10";"1";"0";"0";"0";"0";"0";"1";"60";" common.png"
"74";"1UILE7053";"(ILC-I)
MIS";"Institute Level Optional Course – I 
 Management Information System";"7";"3";"123";"1";"4";"1";"10";"1";"0";"0";"0";"0";"0";"1";"60";" common.png"
"75";"1UILE7056";"(ILC-I)
CSL";"Institute Level Optional Course – I 
Cyber Secuity and Laws";"7";"3";"81";"1";"4";"1";"10";"1";"0";"0";"0";"0";"0";"1";"60";" common.png"
"76";"1UILE7057";"(ILC-I)
DMMM";"Institute Level Optional Course – I 
Disaster Management and Mitigation Measures";"9";"3";"60";"1";"4";"1";"10";"1";"0";"0";"0";"0";"0";"1";"60";" common.png"
"77";"1UILE7055";"(ILC-I)
OR";"Institute Level Optional Course – I 
Operation Reseasrch";"11";"3";"44";"1";"4";"1";"10";"1";"0";"0";"0";"0";"0";"1";"60";" common.png"
"78";"EXL701";"MWEL";"Microwave Engineering Laboratory";"7";"3";"102";"0";"1";"0";"0";"0";"1";"1";"25";"1";"25";"0";"0";" common.png"
"79";"1UEXDLL7031";"AIL";"Department Level Elective Course  – III
Artificial Intelligence Laboratory";"7";"3";"109";"0";"5";"0";"0";"0";"1";"1";"25";"1";"25";"0";"0";" common.png"
"80";"EXDLL7034";"BDAL";"Department Level Elective Course  – III
Big Data Analytics Laboratory";"7";"3";"121";"0";"5";"0";"0";"0";"1";"1";"25";"1";"25";"0";"0";" common.png"
"81";"1UEXDLL7041";"NNDLL";"Department Level Elective Course – IV
Neural Network and Deep Learning Laboratory";"7";"3";"74";"0";"6";"0";"0";"0";"1";"1";"25";"1";"25";"0";"0";" common.png"
"82";"EXDLL7044";"CCSL";"Department Level Elective Course – IV
Cloud Computing & Security Laboratory";"7";"3";"76";"0";"6";"0";"0";"0";"1";"1";"25";"1";"25";"0";"0";" common.png"
"83";"EXPR705";"PBL-MP-A";"Project Based Learning – Major Project  – A";"7";"3";"79";"0";"1";"0";"0";"0";"1";"1";"25";"1";"50";"0";"0";" common.png"
"84";"C301";"AME-I";"Applications of Mathematics in Engineering-I";"3";"1";"55";"1";"1";"1";"10";"1";"1";"1";"25";"0";"0";"1";"60";" AME-I.jpg"
"85";"C305";"DSGT";"Discrete Structures and Graph 1";"3";"1";"128";"1";"1";"1";"10";"1";"0";"0";"0";"0";"0";"1";"45";" DSGT.jpg"
"86";"C302";"DS";"Data Structures";"3";"1";"1";"1";"1";"1";"10";"1";"0";"0";"0";"0";"0";"1";"60";" DS.jpg"
"87";"C304";"DLCA";"Digital Logic & Computer Architecture";"3";"1";"115";"1";"1";"1";"10";"1";"0";"0";"0";"0";"0";"1";"60";" DLCA.jpg"
"88";"C303";"DBMS";"Database Management System";"3";"1";"130";"1";"1";"1";"10";"1";"0";"0";"0";"0";"0";"1";"60";" CG.jpg"
"89";"L302";"DS Lab";"Data Structure Lab";"3";"1";"1";"0";"1";"0";"0";"0";"1";"1";"25";"1";"25";"0";"0";" DS.jpg"
"90";"L304";"DLCA Lab";"Digital Logic & Computer Architecture Lab";"3";"1";"115";"0";"1";"0";"0";"0";"1";"1";"25";"0";"0";"0";"0";" DLCA.jpg"
"91";"L303";"DBMS LAb";"DBMS Lab";"3";"1";"130";"0";"1";"0";"0";"0";"1";"1";"25";"1";"25";"0";"0";" CG.jpg"
"92";"PR31";"Mini Project-I";"Project Based Learning: Mini Project Lab-I";"3";"1";"130";"0";"1";"1";"10";"0";"1";"1";"25";"1";"25";"0";"0";" Mini Project-I.jpg"
"93";"XS37";"SAT-VII";"Skill Based Learning: Object Oriented Programming with Java (SAT-III)";"3";"1";"89";"0";"1";"1";"20";"0";"0";"0";"0";"0";"0";"0";"0";" SAT-III.jpg"
"94";"1UCEXA34";"SAT-IV";"Activity Based Learning (SAT-IV) (Engineer and Society)";"9";"1";"115";"0";"1";"1";"20";"0";"0";"0";"0";"0";"0";"0";"0";" SAT-IV.jpg"
"96";"CEC503";"SE";"Software Engineering";"5";"1";"116";"1";"1";"1";"10";"1";"0";"0";"0";"0";"0";"1";"60";" SE.jpg"
"97";"CEC501";"CN";"Computer Network";"5";"1";"126";"1";"1";"1";"10";"1";"0";"0";"0";"0";"0";"1";"60";" CN.jpg"
"99";"CEDLC5042";"IP";"Internet Programming";"5";"1";"127";"1";"2";"1";"10";"1";"0";"0";"0";"0";"0";"1";"60";" IP.jpg"
"100";"CEDLC5044";"PGM";"Probabilistic Graphical Models";"5";"1";"79";"1";"2";"1";"10";"1";"0";"0";"0";"0";"0";"1";"60";" PGM.jpg"
"102";"CEL501";"CN Lab";"Computer Network Lab";"5";"1";"126";"0";"1";"0";"0";"0";"1";"1";"25";"1";"25";"0";"0";" CN.jpg"
"103";"CEL502";"MLab";"Machine Learning Lab";"5";"1";"130";"0";"1";"0";"0";"0";"1";"1";"25";"0";"0";"0";"0";" DWM.jpg"
"104";"CEDLL5042";"IP Lab";"Internet Programming Lab";"5";"1";"127";"0";"3";"0";"0";"0";"1";"1";"25";"0";"0";"0";"0";" IP.jpg"
"105";"CEDLL5044";"PGM Lab";"Probabilistic Graphical Models Lab";"5";"1";"79";"0";"3";"0";"0";"0";"1";"1";"25";"0";"0";"0";"0";" PGM.jpg"
"106";"CEXAL511";"BCE";"Business Communication & Ethics";"5";"1";"51";"1";"1";"0";"0";"0";"1";"1";"25";"1";"25";"0";"0";" BCE.jpg"
"107";"CEPR54";"Minor Project Lab-I";"Project Based Learning- Mi0r Project Lab-I";"5";"1";"130";"0";"1";"0";"0";"0";"1";"1";"25";"0";"0";"0";"0";" Mi0r Project.jpg"
"108";"1UCEXS57";"SAT-VII";"Skill Based Learning (SAT-VII) Aptitude/Logic Building and Competitive Programming skills";"5";"1";"113";"0";"1";"0";"0";"0";"0";"0";"0";"0";"0";"0";"0";" SAT-VII.jpg"
"109";"1UCEXT58";"SAT-VIII";"Tech0logy Based Learning (SAT-VIII ) Courses like NPTEL";" Coursera";"0";"5";"1";"37";"0";"1";"0";"0";"0";"0";"0";"0";"0";"0";" 0"
"111";"1UCEC702";"BDA";"Big Data Analytics";"7";"1";"130";"1";"1";"1";"10";"1";"0";"0";"0";"0";"0";"1";"60";" BDA.jpg"
"113";"CEDLE7034";"NLP";"Natural Language Processing";"7";"1";"30";"1";"2";"1";"10";"1";"0";"0";"0";"0";"0";"1";"60";" NLP.jpg"
"115";"CEDLC7044";"IR";"Information Retrieval";"7";"1";"113";"1";"3";"1";"10";"1";"0";"0";"0";"0";"0";"1";"60";" BLOCKCHAIN.jpg"
"117";"1UILC7056";"CSL";"Cyber Security and Laws";"7";"1";"81";"1";"4";"1";"10";"1";"0";"0";"0";"0";"0";"1";"60";" CSL.jpg"
"120";"1UCEL702";"BDA Lab";"Big Data Analytics Lab";"7";"1";"130";"0";"1";"0";"0";"0";"1";"1";"25";"1";"25";"0";"0";" BDA.jpg"
"122";"1UCEDLL7034";"NLP Lab";"Natural Language Processing Lab";"7";"1";"30";"0";"5";"0";"0";"0";"1";"1";"25";"1";"25";"0";"0";" NLP.jpg"
"124";"AIC301";"AME-I";"Applications of Mathematics in Engineering-I";"3";"7";"43";"1";"1";"1";"10";"1";"1";"1";"25";"0";"0";"1";"60";" common.png"
"125";"AIC303";"DAA";"Design & Analysis of Algorithms";"3";"7";"91";"1";"1";"1";"10";"1";"0";"0";"0";"0";"0";"1";"40";" common.png"
"126";"AIC302";"DSA";"Data Structure and Algorithm";"3";"7";"23";"1";"1";"1";"10";"1";"0";"0";"0";"0";"0";"1";"60";" common.png"
"127";"AIC304";"OOPM";"Object Oriented Programming with JAVA";"3";"7";"92";"1";"1";"1";"10";"1";"0";"0";"0";"0";"0";"1";"60";" common.png"
"128";"AIC305";"DSDS";"Discrete Structure for Data Science";"3";"7";"35";"1";"1";"1";"10";"1";"0";"0";"0";"0";"0";"1";"60";" common.png"
"129";"AIL302";"DSAL";"Data Structure & Algorithms Lab";"3";"7";"23";"0";"1";"0";"0";"0";"1";"1";"25";"1";"25";"0";"0";" common.png"
"130";"AIL303";"DAAL";"Design and Analysis of Algorithm Lab";"3";"7";"92";"0";"1";"0";"0";"0";"1";"1";"25";"0";"0";"0";"0";" common.png"
"131";"AIL304";"OOPMJL";"Object Oriented Programming with JAVA Lab";"3";"7";"35";"0";"1";"0";"0";"0";"1";"1";"25";"1";"25";"0";"0";" common.png"
"132";"AIPR31";"PBL-MINI-PRL-1";"PBL- Mini Project Lab-1";"3";"7";"23";"0";"1";"1";"10";"0";"1";"1";"25";"1";"25";"0";"0";" common.png"
"133";"AIXS37";"SAT-VII WDD";"Skill Based Learning (SAT-VII) Lab:
Web Design and Development";"3";"7";"85";"0";"1";"1";"20";"0";"0";"0";"0";"0";"0";"0";"0";" common.png"
"134";"1UAIX(A)34";"SAT-IV";"Activity Based Learning (SAT-IV)";"9";"7";"106";"0";"1";"1";"20";"0";"0";"0";"0";"0";"0";"0";"0";" common.png"
"135";"1UETC501";"PCS";"Principles of Control System";"5";"4";"25";"1";"1";"1";"10";"1";"0";"0";"0";"0";"0";"1";"60";" common.png"
"136";"1UETC502";"DSP";"Digital Signal Processing";"5";"4";"98";"1";"1";"1";"10";"1";"0";"0";"0";"0";"0";"1";"60";" common.png"
"137";"1UETC503";"LIC";"Linear Integrated Circuits";"5";"4";"134";"1";"1";"1";"10";"1";"0";"0";"0";"0";"0";"1";"60";" common.png"
"138";"1UETC504";"DC";"Digital Communication";"5";"4";"90";"1";"1";"1";"10";"1";"0";"0";"0";"0";"0";"1";"60";" common.png"
"139";"1UETDLC5053";"NNFL";"Neural Networks and Fuzzy
Logic";"5";"4";"97";"1";"2";"1";"10";"1";"0";"0";"0";"0";"0";"1";"60";" common.png"
"140";"1UETL501";"PCSL";"Principles of Control System Lab";"5";"4";"25";"0";"1";"0";"0";"0";"1";"0";"25";"0";"0";"0";"0";" common.png"
"141";"1UETL503";"LICL";"Linear Integrated Circuits Lab";"5";"4";"134";"0";"1";"0";"0";"0";"1";"0";"25";"1";"25";"0";"0";" common.png"
"142";"1UETL504";"DCL";"Digital Communication Lab";"5";"4";"90";"0";"1";"0";"0";"0";"1";"0";"25";"0";"0";"0";"0";" common.png"
"143";"1UETDLL5053";"NNFLL";"Neural Networks and Fuzzy
Logic Lab";"5";"4";"97";"0";"3";"0";"0";"0";"1";"0";"25";"0";"0";"0";"0";" common.png"
"144";"1UETL506";"BCE";"Business Communication & Ethics";"5";"4";"26";"0";"1";"0";"10";"0";"1";"0";"25";"0";"0";"0";"0";" common.png"
"145";"1UETPR53";"PBL-MI0R-PRL-1";"PBL- Mi0r Project Lab-1";"5";"4";"106";"0";"1";"0";"10";"0";"1";"0";"25";"1";"25";"0";"0";" common.png"
"146";"1UETXS57";"SAT-VII";"Skill Based Learning (S/A/T)-VII Lab:Aptitude/Logic Building and
Competitive Programming skills";"5";"4";"98";"0";"1";"0";"20";"0";"0";"0";"0";"0";"0";"0";"0";" common.png"
"147";"1UETXT58";"SAT-VIII";"Tech0logy Based Learning (S/A/T)-VIII Lab: Online Certification Courses on 
NPTEL";"5";"4";"134";"0";"1";"0";"20";"0";"0";"0";"0";"0";"0";"0";"0";" common.png"
"148";"AIC701";"DL";"Deep Learning";"7";"7";"111";"1";"1";"1";"10";"1";"0";"0";"0";"0";"0";"1";"60";" common.png"
"149";"AIC702";"NLP";"Natural Language Processing";"7";"7";"106";"1";"1";"1";"10";"1";"0";"0";"0";"0";"0";"1";"60";" common.png"
"150";"AIDLC7032";"IoE";"Internet of Everything";"9";"7";"98";"1";"2";"1";"10";"1";"0";"0";"0";"0";"0";"1";"60";" common.png"
"151";"AIDLC7033";"CNS";"Cryptography and Network Security";"7";"7";"134";"1";"2";"1";"10";"1";"0";"0";"0";"0";"0";"1";"60";" common.png"
"152";"AIDLC7041";"BI";"Business Intelligence";"7";"7";"82";"1";"3";"1";"10";"1";"0";"0";"0";"0";"0";"1";"60";" common.png"
"153";"AIDLC7042";"AIH";"AI in HealthCare";"7";"7";"85";"1";"3";"1";"10";"1";"0";"0";"0";"0";"0";"1";"60";" common.png"
"156";"AIL701";"DLL";"Deep Learning Lab";"7";"7";"106";"0";"1";"0";"0";"0";"1";"1";"25";"0";"0";"0";"0";" common.png"
"157";"AIL702";"NLPL";"Natural Language Processing Lab";"7";"7";"98";"0";"1";"0";"0";"0";"1";"1";"25";"0";"0";"0";"0";" common.png"
"158";"AIDLL7032";"IoEL";"Internet of Everything Lab";"9";"7";"134";"0";"5";"0";"0";"0";"1";"1";"25";"0";"0";"0";"0";" common.png"
"159";"AIDLL7033";"CSNL";"Cryptography and Network Security Lab";"7";"7";"82";"0";"5";"0";"0";"0";"1";"1";"25";"0";"0";"0";"0";" common.png"
"160";"1UETDLL7042";"CCL";"Cloud Computing Lab";"7";"4";"85";"0";"6";"0";"0";"0";"1";"1";"25";"0";"0";"0";"0";" common.png"
"161";"AIPR75";"MAJOR-PRL-A";"PBL- Major Project Lab-A";"7";"7";"90";"0";"1";"0";"0";"0";"1";"1";"25";"1";"50";"0";"0";" common.png"
"162";"1UILCEX7053";"MIS";"Management Information System";"7";"7";"123";"1";"4";"1";"10";"1";"0";"0";"0";"0";"0";"1";"60";" common.png"
"163";"1UILCEX7051";"PLMC";"Product Lifecycle";"7";"7";"81";"1";"4";"1";"10";"1";"0";"0";"0";"0";"0";"1";"60";" common.png"
"164";"EXC401";"AME-II";"Applications of Mathematics in Engineering II";"4";"3";"55";"1";"1";"0";"0";"1";"0";"1";"25";"0";"0";"1";"60";" common.png"
"165";"EXC402";"ADCOM";"Analog & Digital Communication Engineering";"4";"3";"72";"1";"1";"0";"0";"1";"0";"0";"0";"0";"0";"1";"60";" common.png"
"166";"EXC403";"MC";"Microcontrollers";"4";"3";"104";"1";"1";"0";"0";"1";"0";"0";"0";"0";"0";"1";"60";" common.png"
"167";"EXC405M1";"ICC (MMC)";"IOT & Cloud Computing";"4";"3";"76";"1";"2";"0";"0";"1";"0";"0";"0";"0";"0";"1";"60";" common.png"
"168";"EXC404";"SS";"Signals and Systems";"4";"3";"75";"1";"1";"0";"0";"1";"0";"0";"0";"0";"0";"1";"60";" common.png"
"169";"EXL403";"MCL";"Microcontrollers  Laboratory";"4";"3";"72";"0";"1";"0";"0";"0";"1";"1";"25";"1";"25";"0";"0";" common.png"
"170";"EXL402";"ADCOM Lab";"Analog & Digital Communication Engineering  Laboratory";"4";"3";"104";"0";"1";"0";"0";"0";"1";"1";"25";"1";"25";"0";"0";" common.png"
"171";"EXL405M1";"ICC Lab";"IOT & Cloud Computing  Laboratory";"4";"3";"76";"0";"3";"0";"0";"0";"1";"1";"25";"1";"25";"0";"0";" common.png"
"172";"EXXS49";"SAT-IX ";"Ability Enhancement(SAT-IX): Skill Based Learning  (Foreign & Indian Modern Languages-II)";"4";"3";"1";"0";"1";"0";"0";"0";"1";"1";"25";"1";"25";"0";"0";" common.png"
"173";"EXXS48";"SAT-VIII";"Skill Enhancement(SAT-VIII): Skill Based Learning  (Python Programming)";"4";"3";"109";"0";"1";"0";"0";"0";"1";"1";"25";"0";"0";"0";"0";" common.png"
"174";"EXL42";"PBL-II (Mini)";"Community Engagement PBL- Mini Project-II (Raspberry Pi based Projects)";"4";"3";"109";"0";"1";"0";"0";"0";"1";"1";"25";"0";"0";"0";"0";" common.png"
"175";"EXC601";"EMA";"Electromagnetics and Antenna";"6";"3";"102";"1";"1";"0";"0";"1";"0";"0";"0";"0";"0";"1";"60";" common.png"
"176";"EXC602";"ML";"Machine Learning";"6";"3";"114";"1";"1";"0";"0";"1";"0";"0";"0";"0";"0";"1";"60";" common.png"
"177";"EXC603";"IPMV";"Image Processing and Machine Vision";"6";"3";"99";"1";"1";"0";"0";"1";"0";"0";"0";"0";"0";"1";"60";" common.png"
"178";"EXC604";"CCN";"Computer Communication Networks";"6";"3";"81";"1";"1";"0";"0";"1";"0";"0";"0";"0";"0";"1";"60";" common.png"
"179";"EXDLC6054";"DBMS";"Professional Elective Course   II
Database Management System";"6";"3";"122";"1";"2";"0";"0";"1";"0";"0";"0";"0";"0";"1";"60";" common.png"
"181";"EXL601";"EMAL";"Electromagnetic and Antenna Laboratory";"6";"3";"102";"0";"1";"0";"0";"0";"1";"1";"25";"1";"25";"0";"0";" common.png"
"182";"EXL602";"MLL";"Machine Learning Networks Laboratory";"6";"3";"114";"0";"1";"0";"0";"0";"1";"1";"25";"1";"25";"0";"0";" common.png"
"183";"EXL603";"IMPVL";"Image Processing and Machine Vision Laboratory";"6";"3";"99";"0";"1";"0";"0";"0";"1";"1";"25";"1";"25";"0";"0";" common.png"
"184";"EXDLL6054";"DBMSL";"Department Level Elective Course II Laboratory
Database Management System Lab";"6";"3";"122";"0";"3";"0";"0";"0";"1";"1";"25";"0";"0";"0";"0";" common.png"
"186";"EXPR64";"PBL-II";"Project Based Learning Mi0r Project Lab II";"6";"3";"1";"1";"1";"0";"0";"0";"1";"1";"25";"1";"25";"0";"0";" common.png"
"187";"EXXS69";"SBL-IX";"Skill Based Learning IX";"6";"3";"74";"0";"1";"0";"0";"0";"1";"1";"25";"0";"0";"0";"0";" common.png"
"188";"EXXT610";"TBL-X";"Techology Based Learning  X";"6";"3";"75";"0";"1";"0";"0";"0";"1";"1";"25";"0";"0";"0";"0";" common.png"
"189";"EXC801";"OCN";"Optical Communication Networks";"8";"3";"110";"1";"1";"0";"0";"1";"0";"0";"0";"0";"0";"1";"60";" common.png"
"190";"EXDLC8024";"WD";"Professional Elective Course  V 
Web Design";"8";"3";"121";"1";"2";"0";"0";"1";"0";"0";"0";"0";"0";"1";"60";" common.png"
"191";"EXDLC8031";"NLP";"Professional Elective Course  VI
Natural Language Processing";"8";"3";"123";"1";"3";"0";"0";"1";"0";"0";"0";"0";"0";"1";"60";" common.png"
"193";"1UILC804";"FM";"Institute Level Optional Course II
Finance Management";"8";"3";"73";"1";"4";"0";"0";"1";"0";"0";"0";"0";"0";"1";"60";" common.png"
"196";"EXL801";"OCNL";"Optical Communication Networks Laboratory";"8";"3";"110";"0";"1";"0";"0";"1";"1";"1";"25";"1";"25";"0";"0";" common.png"
"197";"EXDLL802";"WDL";"Department Level Elective Course  V Laboratory
Web Design Lab ";"8";"3";"121";"0";"5";"0";"0";"1";"1";"1";"25";"1";"25";"0";"0";" common.png"
"198";"EXDLL803";"NLPL";"Department Level Elective Course  VI Laboratory
Natural Language Processing Lab ";"8";"3";"123";"0";"6";"0";"0";"1";"1";"1";"25";"1";"25";"0";"0";" common.png"
"200";"1UEXPR86";"PBL-B";"Project Based Learning  Major Project B";"8";"3";"1";"1";"1";"0";"0";"1";"1";"1";"50";"1";"100";"0";"0";" common.png"
"206";"1UEXDLC606";"DBMS";"Professional Elective Course  – II 
Database Management System";"99";"3";"77";"1";"2";"0";"0";"1";"0";"0";"0";"0";"0";"1";"60";" common.png"
"208";"EXDLC8034";"FDS";"Professional Elective Course – VI 
Fundamentals of Data Science";"8";"3";"119";"1";"3";"0";"0";"1";"0";"0";"0";"0";"0";"1";"60";" common.png"
"209";"1UILC8041";"PM";"Institute Level Optional Course- II
Project Management";"8";"3";"70";"1";"4";"0";"0";"1";"0";"0";"0";"0";"0";"1";"60";" common.png"
"210";"1UILC8049";"EM";"Institute Level Optional Course- II
Environmental Management";"8";"3";"60";"1";"4";"0";"0";"1";"0";"0";"0";"0";"0";"1";"60";" common.png"
"211";"EXDLL8032";"FDSL";"Department Level Elective Course – VI Laboratory
Fundamentals of Data Science Lab ";"8";"3";"119";"0";"6";"0";"0";"1";"1";"1";"25";"1";"25";"0";"0";" common.png"
"212";"ITC401 ";"AM-II";"Applications of Mathematics in Engineering - II ";"4";"2";"55";"1";"1";"0";"0";"1";"0";"1";"25";"0";"0";"1";"60";" common.png"
"213";"ITC402 ";"CNND";"Computer Network and Network Design ";"4";"2";"1";"1";"1";"0";"0";"1";"0";"0";"0";"0";"0";"1";"60";" common.png"
"214";"ITC403 ";"OS";"Operating Systems ";"4";"2";"9";"1";"1";"0";"0";"1";"0";"0";"0";"0";"0";"1";"60";" common.png"
"215";"ITC404 ";"AT";"Automata Theory ";"4";"2";"11";"1";"1";"0";"0";"1";"0";"0";"0";"0";"0";"1";"60";" common.png"
"216";"ITMMC4051";"IoE";"Innovation and Entrepreneurship";"4";"2";"1";"1";"2";"0";"0";"1";"0";"0";"0";"0";"0";"1";"60";" common.png"
"217";"ITL402 ";"NL";"Network Lab ";"4";"2";"1";"0";"1";"0";"0";"0";"1";"1";"25";"1";"25";"0";"0";" common.png"
"218";"ITL403 ";"UL";"Unix Lab ";"4";"2";"15";"0";"1";"0";"0";"0";"1";"1";"25";"1";"25";"0";"0";" common.png"
"219";"ITMML4051";"IE Lab";"Innovation and Entrepreneurship";"4";"2";"70";"0";"3";"0";"0";"0";"1";"1";"25";"1";"25";"0";"0";" common.png"
"220";"ITPR42 ";"PBL";"Project Based Learning: Mini-Project II (Python-based Mini Project) ";"4";"2";"20";"0";"1";"0";"0";"0";"1";"1";"25";"1";"25";"0";"0";" common.png"
"221";"ITXS45 ";"SBL";"SAT  V: Skill Based Learning (Python Programming) ";"4";"2";"11";"0";"1";"0";"0";"0";"1";"0";"0";"0";"0";"0";"0";" common.png"
"222";"ITXA46 ";"SBL FL II";"Ability Enhancement – SAT IX: Skill-Based Learning (Foreign and/or Indian Modern Languages)";"4";"2";"1";"1";"1";"0";"0";"0";"1";"0";"0";"0";"0";"0";"0";" common.png"
"223";"ITC601 ";"DMBI";"Data Mining & Business Intelligence ";"6";"2";"22";"1";"1";"0";"0";"1";"0";"0";"0";"0";"0";"1";"60";" common.png"
"224";"ITC602 ";"Web X.0 ";"Web X.0 ";"6";"2";"20";"1";"1";"0";"0";"1";"0";"0";"0";"0";"0";"1";"60";" common.png"
"225";"ITC603 ";"ASEPM";"Advanced Software Engineering and Project Management";"6";"2";"15";"1";"1";"0";"0";"1";"0";"0";"0";"0";"0";"1";"60";" common.png"
"226";"ITC604 ";"AIDS";"Artificial Intelligence and Data Science I ";"6";"2";"1";"1";"1";"0";"0";"1";"0";"0";"0";"0";"0";"1";"60";" common.png"
"227";"ITDLC6054";"CCS";"Cloud Computing and Services";"6";"2";"32";"1";"2";"0";"0";"1";"0";"0";"0";"0";"0";"1";"60";" common.png"
"228";"ITDLC6053";"IP";"Image Processing";"6";"2";"14";"1";"2";"0";"0";"1";"0";"0";"0";"0";"0";"1";"60";" common.png"
"229";"ITL601 ";"BI";"Data Mining & Business Intelligence Lab ";"6";"2";"32";"0";"1";"0";"0";"0";"1";"1";"25";"1";"25";"0";"0";" common.png"
"230";"ITL602 ";"WEBS";"Web Lab ";"6";"2";"1";"0";"1";"0";"0";"0";"1";"1";"25";"1";"25";"0";"0";" common.png"
"231";"ITL603 ";"DevOps Lab";"DevOps Lab";"6";"2";"15";"0";"1";"0";"0";"0";"1";"1";"25";"1";"25";"0";"0";" common.png"
"232";"ITDLL6054";"CCS LAB";"Cloud Computing and Virtualization Lab";"6";"2";"32";"0";"3";"0";"0";"0";"1";"1";"25";"0";"0";"0";"0";" common.png"
"233";"ITDLL6053";"IP LAB";"Image Processing Lab";"6";"2";"14";"0";"3";"0";"0";"0";"1";"1";"25";"0";"0";"0";"0";" common.png"
"234";"ITPR64 ";"PBL";"Project-Based Learning: Mi0r-Project – II (AI-based Mi0r Project) ";"6";"2";"16";"0";"1";"0";"0";"0";"1";"1";"25";"1";"25";"0";"0";" common.png"
"235";"ITXS69 ";"SBL";"SAT VIII: Skill-Based Learning (MAD Skills) ";"6";"2";"1";"0";"1";"0";"0";"0";"1";"0";"0";"0";"0";"0";"0";" common.png"
"236";"ITXT610 ";"TBL";"SAT IX: Tech0logy-Based Learning (NPTEL";"6";"2";"6";"0";"1";"0";"1";"0";"0";"0";"1";"0";"0";"0";"0";" 0"
"237";"ITC801 ";"BC";"Blockchain and DLT";"8";"2";"16";"1";"1";"0";"0";"1";"0";"0";"0";"0";"0";"1";"60";" common.png"
"238";"ITDLC8021";"NLP";"Natural Language Processing";"8";"2";"20";"1";"2";"0";"0";"1";"0";"0";"0";"0";"0";"1";"60";" common.png"
"239";"ITDLC8022";"CS";"Cloud Security";"8";"2";"9";"1";"2";"0";"0";"1";"0";"0";"0";"0";"0";"1";"60";" common.png"
"240";"ITDLC8031";"XAI";"Explainable AI & Responsible AI";"8";"2";"11";"1";"1";"0";"0";"1";"0";"0";"0";"0";"0";"1";"60";" common.png"
"241";"ITDLC8034";"OT";"Optimization Techniques";"9";"2";"1";"1";"3";"0";"0";"1";"0";"0";"0";"0";"0";"1";"60";" common.png"
"243";"ITILC8042";"FM";"Finance Management";"8";"2";"73";"1";"5";"0";"0";"1";"0";"0";"0";"0";"0";"1";"60";" common.png"
"245";"ITL801 ";"BC LAB";"Blockchain Lab";"8";"2";"16";"0";"1";"0";"0";"0";"1";"1";"25";"1";"25";"0";"0";" common.png"
"246";"ITL805 ";"RPA LAB";"RPA Lab ";"8";"2";"1";"0";"1";"0";"0";"0";"1";"1";"25";"1";"25";"0";"0";" common.png"
"247";"ITDLL8021";"NLP LAB";"Natural Language Processing Lab";"8";"2";"20";"0";"4";"0";"0";"0";"1";"1";"25";"1";"25";"0";"0";" common.png"
"248";"ITDLL8022";"CS LAB";"Cloud Security LAB";"8";"2";"9";"0";"4";"0";"0";"0";"1";"1";"25";"1";"25";"0";"0";" common.png"
"249";"ITPR86 ";"PBL";"Project-Based Learning: Major Project – B ";"8";"2";"1";"0";"1";"0";"0";"0";"1";"1";"50";"1";"100";"0";"0";" common.png"
"250";"ITILC8041";"RM";"Research Methodology";"8";"2";"14";"1";"5";"0";"0";"1";"0";"0";"0";"0";"0";"1";"60";" common.png"
"251";"ITILC8049";"EM";"Environmental Management";"8";"2";"60";"1";"5";"0";"0";"1";"1";"0";"0";"0";"0";"1";"60";" common.png"
"252";"BSC101";"EM I";"Engineering Mathematics I ";"1";"6";"24";"1";"1";"0";"0";"1";"0";"0";"0";"0";"0";"1";"60";" common.png"
"253";"BSC102";"EP";"Engineering Physics";"1";"6";"40";"1";"1";"0";"0";"1";"0";"0";"0";"0";"0";"1";"45";" common.png"
"254";"BSC103";"EC";" Engineering Chemistry";"1";"6";"46";"1";"1";"0";"0";"1";"0";"0";"0";"0";"0";"1";"45";" common.png"
"255";"BSC104";"EM";"Engineering Mechanics";"1";"6";"48";"1";"1";"0";"0";"1";"0";"0";"0";"0";"0";"1";"60";" common.png"
"256";"BSC105";"BEE";"Basics of Electrical Engineering";"1";"6";"111";"1";"1";"0";"0";"1";"0";"0";"0";"0";"0";"1";"60";" common.png"
"257";"BSL102";"EP PR";"Engineering Physics Laboratory";"1";"6";"40";"0";"1";"0";"0";"0";"1";"1";"25";"0";"0";"0";"0";" common.png"
"258";"BSL103";"EC PR";"Engineering Chemistry Laboratory";"1";"6";"46";"0";"1";"0";"0";"0";"1";"1";"25";"0";"0";"0";"0";" common.png"
"259";"BSL104";"EM PR";"Engineering Mechanics Laboratory";"1";"6";"48";"0";"1";"0";"0";"0";"1";"1";"25";"1";"25";"0";"0";" common.png"
"260";"BSL105";"BEE PR";"Basics of Electrical Engineering Laboratory";"1";"6";"111";"0";"1";"0";"0";"0";"1";"1";"25";"1";"25";"0";"0";" common.png"
"261";"BSX11";"SAT-I";"Skill-Based Learning (Workshop-I)";"1";"6";"48";"0";"1";"0";"0";"0";"1";"1";"50";"0";"0";"0";"0";" common.png"
"262";"BSXA12";"SAT-II";"Activity-Based Learning(Contemporary Concerns)";"1";"6";"26";"0";"1";"0";"0";"0";"1";"1";"25";"0";"0";"0";"0";" common.png"
"263";"AIC401";"MDS";"Applications of Mathematics in Engineering-II";"4";"7";"55";"1";"1";"0";"0";"1";"0";"1";"25";"0";"0";"1";"60";" common.png"
"264";"AIC404";"AIAE";"AI Algorithms and Ethics";"4";"7";"85";"1";"1";"0";"0";"1";"0";"0";"0";"0";"0";"1";"60";" common.png"
"265";"AIC402";"DMS";"Database Management Systems";"4";"7";"82";"1";"1";"0";"0";"1";"0";"0";"0";"0";"0";"1";"60";" common.png"
"266";"AIC403";"OS";"Operating System";"4";"7";"92";"1";"1";"0";"0";"1";"0";"0";"0";"0";"0";"1";"60";" common.png"
"267";"AIC405M1";"MMC-IE";"Innovation & Enterprise";"4";"7";"35";"1";"2";"0";"0";"1";"0";"0";"0";"0";"0";"1";"60";" common.png"
"268";"AIL405M1";"MMC-IEL";"Innovation & Enterprise Lab";"4";"7";"85";"0";"3";"0";"0";"0";"1";"1";"25";"1";"25";"0";"0";" common.png"
"269";"AIL402";"DMSL";"Database Management Systems Lab";"4";"7";"82";"0";"1";"0";"0";"0";"1";"1";"25";"1";"25";"0";"0";" common.png"
"270";"AIL403";"OSL";"Operating System Lab";"4";"7";"92";"0";"1";"0";"0";"0";"1";"1";"25";"1";"25";"0";"0";" common.png"
"271";"AIPR42";"PBL-II";"Project Based LearningMini Project Lab-2";"4";"7";"134";"0";"1";"0";"0";"0";"1";"1";"25";"1";"25";"0";"0";" common.png"
"272";"AIXS48";"SBL-V(Python)";"Skill Based Learning-V(Python)";"4";"7";"25";"0";"1";"0";"0";"0";"1";"1";"25";"0";"0";"0";"0";" common.png"
"273";"AIXS49";"SBL-VI(Language)";"Skill Based Learning-VI(Language)";"4";"7";"91";"0";"1";"0";"0";"0";"1";"1";"25";"0";"0";"0";"0";" common.png"
"274";"AIC601";"ANN";"Artificial Neural Network";"6";"7";"92";"1";"1";"0";"0";"1";"0";"0";"0";"0";"0";"1";"60";" common.png"
"275";"AIC602";"ML";"Machine Learning";"6";"7";"91";"1";"1";"0";"0";"1";"0";"0";"0";"0";"0";"1";"60";" common.png"
"276";"AIC603";"DAV";"Data Analytics and Visualization ";"6";"7";"134";"1";"1";"0";"0";"1";"0";"0";"0";"0";"0";"1";"60";" common.png"
"277";"AIC604";"BDA";"Big Data Analytics";"6";"7";"106";"1";"1";"0";"0";"1";"0";"0";"0";"0";"0";"1";"60";" common.png"
"278";"AIDLC6051";"AIE";"AI in E-Commerce";"6";"7";"90";"1";"2";"0";"0";"1";"0";"0";"0";"0";"0";"1";"60";" common.png"
"279";"AIL601";"ANNL";"Artificial Neural Network Lab";"6";"7";"92";"0";"1";"0";"0";"0";"1";"1";"25";"1";"25";"0";"0";" common.png"
"280";"AIL602";"MLL";"Machine Learning Lab";"6";"7";"106";"0";"1";"0";"0";"0";"1";"1";"25";"1";"0";"0";"0";" common.png"
"281";"AIL603";"DAVL";"Data Analytics and Visualization Lab ";"6";"7";"90";"0";"1";"0";"0";"0";"1";"1";"25";"0";"0";"0";"0";" common.png"
"282";"AIDLL6051";"AIEL";"AI in E-Commerce Lab";"6";"7";"82";"0";"3";"0";"0";"0";"1";"1";"25";"1";"25";"0";"0";" common.png"
"283";"AIPR64";"PBL- Minor Project Lab-2 ";"Project Based Learning - Minor Project Lab-2 ";"6";"7";"134";"0";"1";"0";"0";"0";"1";"1";"25";"1";"25";"0";"0";" common.png"
"284";"AIXS69";"SBL-IX";"Skill Based Learning-IX";"6";"7";"85";"0";"1";"0";"0";"0";"1";"1";"25";"0";"0";"0";"0";" common.png"
"285";"AIXT610";"TBL-X";"Technology Based Learning-X";"6";"7";"82";"0";"1";"0";"0";"0";"1";"1";"25";"0";"0";"0";"0";" common.png"
"286";"ETC801 ";"IA";"Industrial Automation";"8";"4";"97";"1";"1";"0";"0";"1";"0";"0";"0";"0";"0";"1";"60";" common.png"
"287";"ETDLC8022";"WD";"Department Level Elective5 Web Design";"8";"4";"23";"1";"1";"0";"0";"1";"0";"0";"0";"0";"0";"1";"60";" common.png"
"288";"ETDLC8032";"IIOT";"Department Level Elective6 Industrial Internet of Things";"8";"4";"106";"1";"1";"0";"0";"1";"0";"0";"0";"0";"0";"1";"60";" common.png"
"292";"ETILC8042";"FM";"HUMAN RESOURSE MANAGEMENT (Institute Level Elective-4)Project Management";"10";"4";"51";"1";"2";"0";"0";"1";"0";"0";"0";"0";"0";"1";"60";" common.png"
"293";"ETL801";"IAL";"Industrial Automation Lab";"8";"4";"97";"0";"1";"0";"0";"0";"1";"1";"25";"1";"25";"0";"0";" common.png"
"294";"ETDLL8022";"WDL";"Department Level Elective5 Lab Web Design";"8";"4";"23";"0";"1";"0";"0";"0";"1";"1";"25";"1";"25";"0";"0";" common.png"
"295";"ETDLL8032";"IIOTL";"Department Level Elective6 Lab Industrial Internet of Things Lab";"8";"4";"106";"0";"1";"0";"0";"0";"1";"1";"25";"1";"25";"0";"0";" common.png"
"296";"ETPR86";"MAJ-PRL-A";"Project Based LearningMajor Project Lab-B";"8";"4";"106";"0";"1";"0";"0";"0";"1";"1";"50";"1";"100";"0";"0";" common.png"
"297";"1UILEXC8041";"PM";"PROJECT MANAGEMENT (Institute Level Elective-1)";"10";"4";"14";"1";"2";"0";"0";"1";"0";"0";"0";"0";"0";"1";"60";" common.png"
"298";"1UILEXC8042";"FM";"FINANCE MANAGEMENT (Institute Level Elective-2)";"8";"4";"35";"1";"2";"0";"0";"1";"0";"0";"0";"0";"0";"1";"60";" common.png"
"299";"1UILEXC8049";"EM";"ENIVORNMENTAL MANAGEMENT (Institute Level Elective-3)";"8";"4";"60";"1";"2";"0";"0";"1";"0";"0";"0";"0";"0";"1";"60";" common.png"
"300";"CEC401";"AME-II";"Applications of Mathematics in Engineering-II";"4";"1";"43";"1";"1";"0";"0";"1";"0";"0";"0";"0";"0";"1";"60";" common.png"
"301";"CEC402";"AOA";"Analysis of Algorithm";"4";"1";"1";"1";"1";"0";"0";"1";"0";"0";"0";"0";"0";"1";"60";" common.png"
"303";"CEC403";"OS";"Operating Systems";"4";"1";"79";"1";"1";"0";"0";"1";"0";"0";"0";"0";"0";"1";"60";" common.png"
"304";"CEC405M1";"IOTCC";"IoT and Cloud Computing";"4";"1";"98";"1";"2";"0";"0";"1";"0";"0";"0";"0";"0";"1";"60";" common.png"
"305";"CEL402";"AOA Lab";"Analysis of Algorithm Lab";"4";"1";"1";"0";"1";"0";"0";"0";"1";"1";"25";"1";"25";"0";"0";" common.png"
"306";"CEL404M1";"IOTCC Lab";"IoT and Cloud Computing Lab";"4";"1";"137";"0";"3";"0";"0";"0";"1";"1";"25";"1";"25";"0";"0";" common.png"
"307";"CEL404";"OS Lab";"Operating Systems Lab";"4";"1";"79";"0";"1";"0";"0";"0";"1";"1";"25";"1";"25";"0";"0";" common.png"
"308";"CEPR42";"PBL : Mini Project-II";"Project Based Learning- Mini Project Lab-II";"4";"1";"1";"0";"1";"0";"0";"0";"1";"1";"25";"1";"25";"0";"0";" common.png"
"309";"CEXS45";"SBL : PP";"Skill Based Lab Course : Python Programming";"4";"1";"1";"0";"1";"0";"0";"0";"0";"0";"0";"0";"0";"0";"0";" common.png"
"310";"CEXS46";"SBL : FIRL";"Skill Based Learning (SAT-VI) (Foreign and Indian Regional Languages-II)";"4";"1";"37";"0";"1";"0";"0";"0";"0";"0";"0";"0";"0";"0";"0";" common.png"
"311";"CEC601";"SPCC";"System Programming and Compiler Construction";"6";"1";"113";"1";"1";"0";"0";"1";"0";"0";"0";"0";"0";"1";"60";" common.png"
"312";"CEC602";"CSS";"Cryptography and System Security";"6";"1";"129";"1";"1";"0";"0";"1";"0";"0";"0";"0";"0";"1";"60";" common.png"
"313";"CEC603";"MC";"Mobile Computing";"6";"1";"1";"1";"1";"0";"0";"1";"0";"0";"0";"0";"0";"1";"60";" common.png"
"314";"CEC604";"AI";"Artificial Intelligence";"6";"1";"132";"1";"1";"0";"0";"1";"0";"0";"0";"0";"0";"1";"60";" common.png"
"315";"CEDLC6053";"IS";"Infrastructure Security";"9";"1";"1";"1";"2";"0";"0";"1";"0";"0";"0";"0";"0";"1";"60";" common.png"
"316";"CEDLC6051";"QA";"Quantitative Analysis";"6";"1";"130";"1";"2";"0";"0";"1";"0";"0";"0";"0";"0";"1";"60";" common.png"
"317";"CEL601";"SPCC Lab";"System Programming & Compiler Construction Lab";"6";"1";"113";"0";"1";"0";"0";"0";"1";"1";"25";"1";"25";"0";"0";" common.png"
"318";"CEL602";"CSS Lab";"Cryptography & System Security Lab";"6";"1";"129";"0";"1";"0";"0";"0";"1";"1";"25";"1";"25";"0";"0";" common.png"
"319";"CEL603";"MC Lab";"Mobile Computing Lab";"6";"1";"1";"0";"1";"0";"0";"0";"1";"1";"25";"1";"25";"0";"0";" common.png"
"320";"CEL604";"AI Lab";"Artificial Intelligence Lab";"6";"1";"132";"0";"1";"0";"0";"0";"1";"1";"25";"0";"0";"0";"0";" common.png"
"321";"CEPR64";"Minor Project Lab";"Project Based Learning - Minor Project Lab-II";"6";"1";"1";"0";"1";"0";"0";"0";"1";"1";"25";"1";"25";"0";"0";" common.png"
"322";"CEXS69";"SBL : CC";"Skill Based Learning: Cloud Computing (SAT-IX)";"6";"1";"89";"0";"1";"0";"0";"0";"0";"0";"0";"0";"0";"0";"0";" common.png"
"323";"CEXT610";"TBL";"Technology Based Learning (SAT-X)";"6";"1";"98";"0";"1";"0";"0";"0";"0";"0";"0";"0";"0";"0";"0";" common.png"
"324";"CEC801";"DC";"Distributed Computing";"8";"1";"116";"1";"1";"0";"0";"1";"0";"0";"0";"0";"0";"1";"60";" common.png"
"325";"CEDLC8021";"ADS";"Applied Data Science";"8";"1";"1";"1";"2";"0";"0";"1";"0";"0";"0";"0";"0";"1";"60";" common.png"
"326";"CEDLC8023";"DF";"Digital Foremsic";"8";"1";"127";"1";"2";"0";"0";"1";"0";"0";"0";"0";"0";"1";"60";" common.png"
"327";"CEDLC8031";"SMA";"Social Media Analytics";"8";"1";"128";"1";"3";"0";"0";"1";"0";"0";"0";"0";"0";"1";"60";" common.png"
"328";"ILCCS8049";"EM";"Environmental Management";"8";"1";"37";"1";"4";"0";"0";"1";"0";"0";"0";"0";"0";"1";"60";" common.png"
"329";"ILCCS8041";"PM";"Project Management";"8";"1";"14";"1";"4";"0";"0";"1";"0";"0";"0";"0";"0";"1";"60";" common.png"
"330";"ILCCS8042";"FM";"Financial Management";"8";"1";"35";"1";"4";"0";"0";"1";"0";"0";"0";"0";"0";"1";"60";" common.png"
"331";"CEL801";"DC Lab";"Distributed Computing Lab";"8";"1";"116";"0";"1";"0";"0";"0";"1";"1";"25";"1";"25";"0";"0";" common.png"
"332";"CEDLL802";"ADS Lab";"Applied Data Science Lab";"8";"1";"1";"0";"5";"0";"0";"0";"1";"1";"25";"1";"25";"0";"0";" common.png"
"333";"CEDLL803";"DF Lab";"Digital Forensic Lab";"8";"1";"127";"0";"5";"0";"0";"0";"1";"1";"25";"1";"25";"0";"0";" common.png"
"336";"1UCEPR86";"Project B";"Project Based Learning - Major Project B";"8";"1";"1";"0";"1";"0";"0";"0";"1";"1";"50";"1";"100";"0";"0";" common.png"
"337";"CEDLCCS8031";"SMA Lab";"Social Media Analytics Lab";"8";"1";"128";"0";"6";"0";"0";"0";"1";"1";"25";"1";"25";"0";"0";" common.png"
"338";"CEDLCCS8033";"SAD Lab";"Secure Application Development Lab";"9";"1";"37";"15";"15";"0";"0";"0";"1";"1";"25";"1";"25";"0";"0";" common.png"
"339";"1UBSC201";"EM-II";"Engineering Mathematics II";"2";"6";"24";"1";"1";"0";"0";"1";"0";"0";"0";"0";"0";"1";"60";" common.png"
"340";"1UBSC202";"P&N";"Physics and Nanotechnology";"2";"6";"40";"1";"1";"0";"0";"1";"1";"1";"0";"0";"0";"1";"45";" common.png"
"341";"1UBSC203";"MC";"Materials Chemistry";"2";"6";"46";"1";"1";"0";"0";"1";"1";"1";"0";"0";"0";"1";"45";" common.png"
"342";"1UBSC204";"EG";"Engineering Graphics";"2";"6";"48";"1";"1";"0";"0";"1";"1";"1";"25";"1";"25";"1";"60";" common.png"
"343";"1UBSC205";"CP";"Computer Programming";"2";"6";"25";"1";"1";"1";"20";"1";"1";"1";"25";"1";"25";"1";"60";" common.png"
"344";"1UBSL206";"PCS";"Professional Communication Skills";"2";"6";"26";"1";"1";"1";"20";"0";"1";"1";"50";"0";"0";"0";"0";" common.png"
"345";"1UBSW207";"WS-SAT V";"Workshop II";"2";"6";"48";"0";"1";"0";"0";"0";"1";"1";"50";"0";"0";"0";"0";" common.png"
"346";"BSXA26";"ABL SAT VI";"ABL SAT VI";"2";"6";"46";"1";"1";"0";"0";"0";"1";"1";"25";"0";"0";"0";"0";" common.png"
"347";"1UBSLL204";"CAD";"AutoCAD";"2";"6";"42";"0";"1";"1";"0";"0";"0";"0";"0";"0";"0";"1";"60";" common.png"
"348";"1UBSL202";"P&N";"Physics and Nanotechnology";"2";"6";"52";"0";"1";"1";"0";"0";"1";"1";"0";"0";"0";"1";"45";" common.png"
"349";"1UBSL203";"MC";"Materials Chemistry";"2";"6";"46";"0";"1";"1";"0";"0";"1";"1";"0";"0";"0";"1";"45";" common.png"
"350";"1UBSL204";"EG";"Engineering Graphics";"2";"6";"42";"0";"1";"1";"0";"0";"1";"1";"25";"1";"25";"1";"60";" common.png"
"351";"1UBSL205";"CP";"Computer Programming";"2";"6";"142";"0";"1";"1";"20";"0";"1";"1";"25";"1";"25";"1";"60";" common.png"
"353";"1UBS206";"PCS - SAT IV";"Professional Communication Skills";"2";"6";"26";"0";"1";"1";"20";"0";"1";"1";"50";"0";"0";"0";"0";" common.png"
"354";"AIC501";"ML";"Machine Learning";"5";"7";"85";"1";"1";"1";"1";"1";"1";"0";"0";"0";"0";"1";"60";" common.png"
"355";"AIC502";"DWM";"Data Warehousing and Mining";"5";"7";"23";"1";"1";"1";"1";"1";"1";"0";"0";"0";"0";"1";"60";" common.png"
"357";"AIC504";"ITC";"Information Theory and Coding";"5";"7";"136";"1";"1";"1";"1";"1";"1";"0";"0";"0";"0";"1";"60";" common.png"
"358";"AIDLC5051";"AI CN";"AI in Computer Networks";"5";"7";"134";"1";"2";"1";"1";"1";"1";"0";"0";"0";"0";"1";"60";" common.png"
"359";"AIDLC5052";"IVP";"Image and Video Processing";"5";"7";"82";"1";"2";"1";"1";"1";"1";"0";"0";"0";"0";"1";"60";" common.png"
"360";"AIL501";"MLL";"ML Lab";"5";"7";"85";"0";"1";"1";"1";"0";"1";"1";"0";"0";"0";"0";"0";" common.png"
"361";"AIL502";"DWML";"Data Warehousing and Mining Lab";"5";"7";"134";"0";"1";"1";"1";"0";"1";"1";"25";"0";"0";"0";"0";" common.png"
"362";"AIL503";"SEL";"Software Engineering Lab ";"5";"7";"91";"0";"1";"1";"1";"0";"1";"1";"25";"0";"0";"0";"0";" common.png"
"363";"AIDLL5051";"CNL";"Computer Networks";"5";"7";"134";"0";"3";"1";"1";"0";"1";"1";"25";"0";"0";"0";"0";" common.png"
"364";"AIDLL5052";"IVPL";"Image and Video Processing";"5";"7";"82";"0";"3";"1";"1";"0";"1";"1";"25";"0";"0";"0";"0";" common.png"
"365";"AIL506";"BCE";"Business Communication and Ethics";"5";"7";"26";"0";"1";"1";"1";"0";"1";"1";"25";"0";"0";"0";"0";" common.png"
"366";"AIPR53";"PBL-MP1";"Project Based Learning - Mi0r Project Lab-1 ";"5";"7";"92";"0";"1";"1";"1";"0";"1";"1";"25";"1";"25";"0";"0";" common.png"
"367";"AIX(S)57";"SBL-VII";"Skill Based Learning-VII (Foreign and Indian Regional Languages-II)";"5";"7";"91";"1";"1";"1";"1";"0";"1";"1";"25";"0";"0";"0";"0";" common.png"
"368";"AIX(T)58";"TBL-VIII";"Tech0logy Based Learning-VIII";"5";"7";"82";"0";"1";"1";"1";"0";"1";"1";"25";"0";"0";"0";"0";" common.png"
"369";"AILC505";"BCE";"Business Communication & Ethics ";"5";"7";"144";"1";"1";"0";"0";"0";"0";"0";"0";"0";"0";"0";"0";" common.png"
"371";"EXXA511";"BCE";"Business Communication & Ethics ";"5";"3";"144";"1";"1";"0";"0";"0";"0";"0";"0";"0";"0";"0";"0";" common.png"
"372";"EXDLC7033";"ESR";"Department Level Elective Course  – III
Embedded Systems & RTOS";"7";"3";"110";"1";"2";"1";"10";"1";"0";"0";"0";"0";"0";"1";"60";" common.png"
"373";"EXDLC7042";"WN";"Department Level Elective Course – IV
Wireless Network";"7";"3";"70";"1";"3";"1";"10";"1";"0";"0";"0";"0";"0";"1";"60";" common.png"
"374";"ILE7051";"(ILC-I)PLM";"Institute Level Optional Course – I 
Product Life Cycle Management";"7";"3";"60";"1";"4";"1";"10";"1";"0";"0";"0";"0";"0";"1";"60";" common.png"
"375";"EXDLL7033";"ESRL";"Department Level Elective Course  – III
Embedded Systems & RTOS";"7";"3";"110";"0";"5";"0";"0";"1";"1";"1";"25";"1";"25";"0";"0";" common.png"
"376";"EXDLL7042";"WNL";"Department Level Elective Course – IV
Wireless Network Lab";"7";"3";"70";"0";"6";"0";"0";"0";"1";"1";"25";"1";"25";"0";"0";" common.png"
"378";"ITC504";"IoT";"Internet of Things";"5";"2";"38";"1";"1";"1";"10";"1";"0";"0";"0";"0";"0";"1";"60";"common.png"
"379";"CEXT58";"SAT-VIII";"Technology Based Learning (SAT-VIII ) Courses like NPTEL, Coursera, etc.)";"5";"1";"1";"0";"1";"0";"0";"0";"0";"0";"0";"0";"0";"0";"0";"common.png"
"380";"CEXA511";"BCE";"Business Communication & Ethics";"5";"1";"51";"0";"1";"0";"0";"0";"1";"1";"25";"1";"25";"0";"0";" common.png"
"382";"CEC701";"ML";"Machine Learning";"7";"1";"127";"1";"1";"1";"10";"1";"0";"0";"0";"0";"0";"1";"60";" common.png"
"383";"CEDLE7031";"EHS";"Ethical Hacking and Security";"7";"1";"126";"1";"2";"1";"10";"1";"0";"0";"0";"0";"0";"1";"60";" common.png"
"384";"ILC7051";"PLM";"Product Life Cycle Management";"7";"1";"60";"1";"4";"1";"10";"1";"0";"0";"0";"0";"0";"1";"60";" common.png"
"385";"ILC7053";"MIS";"Management Information System";"7";"1";"123";"1";"4";"1";"10";"1";"0";"0";"0";"0";"0";"1";"60";" common.png"
"386";"ILC7059";"DM";"Disaster Management";"7";"1";"44";"1";"4";"1";"10";"1";"0";"0";"0";"0";"0";"1";"60";" common.png"
"387";"CEL701";"ML Lab";"Machine Learning Lab";"7";"1";"127";"0";"1";"0";"0";"0";"1";"1";"25";"1";"25";"0";"0";" common.png"
"388";"CEDLL7033";"EHS Lab";"Ethical Hacking and Security Lab";"7";"1";"126";"0";"5";"0";"0";"0";"1";"1";"25";"1";"25";"0";"0";" common.png"
"391";"ILC7056";"CSL";"Cyber Security and Laws";"9";"2";"1";"1";"4";"1";"0";"0";"0";"0";"0";"0";"0";"1";"60";" common.png"
"392";"ILC7057";"PLM";"Product Life Cycle Management";"7";"2";"1";"1";"4";"10";"1";"0";"0";"0";"0";"0";"0";"1";"60";" common.png"
"393";"AIDLC6053";"AI-A(DLE-II)";"AI in Agriculture";"6";"7";"90";"1";"2";"0";"0";"1";"0";"0";"0";"0";"0";"1";"60";" common.png"
"394";"AIDLL6052";"AI-A(DLE-II)";"AI in Agriculture Lab";"6";"7";"82";"0";"3";"0";"0";"0";"1";"1";"25";"1";"25";"0";"0";" common.png"
"395";"EXDLC8023";"SoC";"Professional Elective Course  V 
System on Chip";"8";"3";"121";"1";"2";"0";"0";"1";"0";"0";"0";"0";"0";"1";"60";" common.png"
"396";"EXDLC8022";"5GT";"Professional Elective Course  V 
5G TECH";"9";"3";"121";"1";"2";"0";"0";"1";"0";"0";"0";"0";"0";"1";"60";" common.png"
"397";"EXDLC8021";"ARVR";"Professional Elective Course  V 
ARVR";"9";"3";"121";"1";"2";"0";"0";"1";"0";"0";"0";"0";"0";"1";"60";" common.png"
"398";"EXDLC8032";"RFD";"Professional Elective Course  VI
RFD";"9";"3";"123";"1";"3";"0";"0";"1";"0";"0";"0";"0";"0";"1";"60";" common.png"
"399";"EXDLC8033";"AV";"Professional Elective Course  VI
Autonomous Vehicle";"8";"3";"123";"1";"3";"0";"0";"1";"0";"0";"0";"0";"0";"1";"60";" common.png"
"400";"EXDLL8034";"RFDL";"Department Level Elective Course – VI Laboratory
RF D Lab ";"9";"3";"119";"0";"6";"0";"0";"1";"1";"1";"25";"1";"25";"0";"0";" common.png"
"401";"EXDLL8033";"AVL";"Department Level Elective Course – VI Laboratory
AV Lab ";"8";"3";"119";"0";"6";"0";"0";"1";"1";"1";"25";"1";"25";"0";"0";" common.png"
"402";"EXDLL8021";"ARVRL";"Department Level Elective Course  V Laboratory
ARVR Lab ";"9";"3";"121";"0";"5";"0";"0";"1";"1";"1";"25";"1";"25";"0";"0";" common.png"
"403";"EXDLL8022";"5GTL";"Department Level Elective Course  V Laboratory
5GT Lab ";"9";"3";"121";"0";"5";"0";"0";"1";"1";"1";"25";"1";"25";"0";"0";" common.png"
"404";"EXDLL8023";"SoCL";"Department Level Elective Course  V Laboratory
SoC Lab ";"8";"3";"121";"0";"5";"0";"0";"1";"1";"1";"25";"1";"25";"0";"0";" common.png"
"405";"BSXA13";"SAT-III";"Activity-Based Learning (Induction)";"1";"6";"48";"0";"1";"0";"0";"0";"1";"1";"50";"0";"0";"0";"0";" common.png"
"406";"1UBSL201";"EM II PR";"Engineering Maths II Pract";"2";"6";"48";"0";"1";"0";"0";"0";"1";"1";"50";"0";"0";"0";"0";" common.png"
"407";"AIC801";"RL";"Reinforcement Learning";"8";"7";"92";"1";"1";"0";"0";"1";"0";"0";"0";"0";"0";"1";"60";" common.png"
"408";"AIDLC8022";"DTI(DLE-V)";"DLE5- Design Thinking and Innovation";"8";"7";"90";"1";"2";"0";"0";"1";"0";"0";"0";"0";"0";"1";"60";" common.png"
"409";"AIDLC8023";"SMA(DLE-V)";"DLE5- Social Media Analytics ";"8";"7";"90";"1";"2";"0";"0";"1";"0";"0";"0";"0";"0";"1";"60";" common.png"
"410";"AIDLC8031";"QC";"Elective-6 Quantum Computing ";"8";"7";"92";"1";"5";"0";"0";"1";"0";"0";"0";"0";"0";"1";"60";" common.png"
"411";"AIL801";"RLL";"Reinforcement Learning Lab";"8";"7";"92";"0";"1";"0";"0";"1";"0";"0";"0";"0";"0";"1";"60";" common.png"
"413";"AIL805";"RPAL";"Robotic Process Automation Lab";"8";"7";"92";"0";"1";"0";"0";"1";"0";"0";"0";"0";"0";"1";"60";" common.png"
"414";"AIDLL8022";"DTIL(DLE-V)";"Design Thinking and Learning Lab";"8";"7";"92";"0";"3";"0";"0";"1";"0";"0";"0";"0";"0";"1";"60";" common.png"
"415";"AIDLL8023";"SMAL(DLE-V)";"Social Media Analytics Lab";"8";"7";"92";"0";"3";"0";"0";"1";"0";"0";"0";"0";"0";"1";"60";" common.png"
"416";"AIILC8041";"PM";"ILE-2-Project Management";"8";"7";"92";"1";"4";"0";"0";"1";"0";"0";"0";"0";"0";"1";"60";" common.png"
"417";"AIILC8042";"FM";"ILE-2-Finance Management";"8";"7";"92";"1";"4";"0";"0";"1";"0";"0";"0";"0";"0";"1";"60";" common.png"
"418";"EXDLL6051";"SAPL";"DLE II Laboratory
SAP Lab";"9";"3";"122";"0";"3";"0";"0";"0";"1";"1";"25";"0";"0";"0";"0";" common.png"
"419";"EXDLL6052";"IOTL";"DLE II Laboratory
IOT Lab";"9";"3";"122";"0";"3";"0";"0";"0";"1";"1";"25";"0";"0";"0";"0";" common.png"
"420";"EXDLC6051";"SAP";"Professional Elective Course   II
SAP";"9";"3";"122";"1";"2";"0";"0";"1";"0";"0";"0";"0";"0";"1";"60";" common.png"
"421";"EXDLC6052";"IOT";"Professional Elective Course II IOT";"9";"3";"122";"1";"2";"0";"0";"1";"0";"0";"0";"0";"0";"1";"60";" common.png"
"422";"AIILC8043";"EM";"ILE-3 -Environmental Management";"8";"7";"92";"1";"4";"0";"0";"1";"0";"0";"0";"0";"0";"1";"60";" common.png"
"423";"AIPR86";"PBL - B";"Project Based Learning Major Project Lab B";"8";"7";"92";"0";"1";"0";"0";"1";"0";"0";"0";"0";"0";"1";"60";" common.png"
"424";"CEDLC8029";"DL";"Deep Learning";"8";"1";"127";"1";"2";"0";"0";"1";"0";"0";"0";"0";"0";"1";"60";" common.png"
"425";"CEDLL8038";"DL Lab";"Deep Learning Lab";"8";"1";"127";"0";"5";"0";"0";"0";"1";"1";"25";"1";"25";"0";"0";" common.png"
"426";"CELT401";"AME-II TUT";"Applications of Mathematics in Engineering-II TUT";"4";"1";"43";"0";"1";"0";"0";"1";"0";"0";"0";"0";"0";"1";"60";" common.png"
"428";"AICL401";"AME-II TUT";"Applications of Mathematics in Engineering-II TUT";"4";"7";"55";"0";"1";"0";"0";"1";"0";"1";"25";"0";"0";"1";"60";" common.png"
"429";"EXL401";"AME-II TUT";"Applications of Mathematics in Engineering-II TUT";"4";"3";"55";"0";"1";"0";"0";"1";"0";"1";"25";"0";"0";"1";"60";" common.png"
"430";"1UEXDLC7031";"AI";"Department Level Elective Course  – III
Artificial Intelligence";"7";"3";"109";"1";"2";"1";"10";"1";"0";"0";"0";"0";"0";"1";"60";" common.png"
"432";"EXPR705T";"PBL-MP-A-TH";"Project Based Learning – Major Project  – A-TH";"7";"3";"79";"1";"1";"0";"0";"0";"1";"1";"25";"1";"50";"0";"0";" common.png"
"434";"CEDLC7043";"BLC";"Blockchain";"7";"1";"113";"1";"3";"1";"10";"1";"0";"0";"0";"0";"0";"1";"60";" BLOCKCHAIN.jpg"
"436";"CEPR75";"PBL";"PBL Major Project A";"7";"1";"127";"0";"1";"0";"0";"0";"1";"1";"25";"1";"25";"0";"0";" common.png"
"437";"C301_TUT";"AME-I-TUT";"Applications of Mathematics in Engineering-I TUT";"3";"1";"55";"0";"1";"1";"10";"1";"1";"1";"25";"0";"0";"1";"60";" AME-I.jpg"
"439";"BSC101T";"EM I TUT";"Engineering Mathematics I TUT";"1";"6";"24";"0";"1";"0";"0";"1";"0";"0";"0";"0";"0";"1";"60";" common.png"
"440";"ITMMC4052";"IoT & Cloud";"IoT and Cloud Computing";"4";"2";"1";"1";"2";"0";"0";"1";"0";"0";"0";"0";"0";"1";"60";" common.png"
"441";"ITMML4052";"IoT & C Lab";"IoT and Cloud Computing";"4";"2";"70";"0";"3";"0";"0";"0";"1";"1";"25";"1";"25";"0";"0";" common.png"
"442";"CEC404";"TCS";"Theory of Computer Science";"4";"1";"1";"1";"1";"0";"0";"1";"0";"0";"0";"0";"0";"1";"60";" common.png"
"443";"CEC405M2";"IE";"Innovation and Entrepreneurship";"4";"1";"98";"1";"2";"0";"0";"1";"0";"0";"0";"0";"0";"1";"60";" common.png"
"444";"CEL404M2";"IE Lab";"Innovation and Entrepreneurship Lab";"4";"1";"137";"0";"3";"0";"0";"0";"1";"1";"25";"1";"25";"0";"0";" common.png"
"445";"CEDLC8032";"OML";"Optimization in Machine Learning";"8";"1";"128";"1";"3";"0";"0";"1";"0";"0";"0";"0";"0";"1";"60";" common.png"
"446";"CEDLCCS8032";"OML Lab";"Optimization in Machine Learning Lab";"8";"1";"128";"0";"6";"0";"0";"0";"1";"1";"25";"1";"25";"0";"0";" common.png"
"447";"AIC405M2";"MMC-IOT &CC";"IOT &CC";"4";"7";"35";"1";"2";"0";"0";"1";"0";"0";"0";"0";"0";"1";"60";" common.png"
"448";"AIL405M2";"MMC-IOT & CCL";"IOT &CC Lab";"4";"7";"85";"0";"3";"0";"0";"0";"1";"1";"25";"1";"25";"0";"0";" common.png"
"449";"AIDLC8032";"IVT";"Elective-6 Intelligent Vehicle Technology";"8";"7";"92";"1";"5";"0";"0";"1";"0";"0";"0";"0";"0";"1";"60";" common.png"
"450";"AIILC8046";"RM";"Research Methodology";"8";"7";"92";"1";"4";"0";"0";"1";"0";"0";"0";"0";"0";"1";"60";" common.png"
"451";"CEDLC6052";"IS";"Infrastructure Security";"6";"1";"130";"1";"2";"0";"0";"1";"0";"0";"0";"0";"0";"1";"60";" common.png"
"452";"1UILC8046";"RM";"Institute Level Optional Course- II
Research Methodology";"8";"3";"60";"1";"4";"0";"0";"1";"0";"0";"0";"0";"0";"1";"60";" common.png"
"454";"EXC405M2";"VLSI (MMC)";"Very large Scale Integrated Circuits";"4";"3";"76";"1";"2";"0";"0";"1";"0";"0";"0";"0";"0";"1";"60";" common.png"
"455";"EXC405M3";"IE (MMC)";"Innovation & Enterprenurship";"4";"3";"76";"1";"2";"0";"0";"1";"0";"0";"0";"0";"0";"1";"60";" common.png"
"457";"EXC405M4";"AI (MMC)";"Artificial Intelligence";"4";"3";"76";"1";"2";"0";"0";"1";"0";"0";"0";"0";"0";"1";"60";" common.png"
"458";"EXL405M2";"VLSI Lab";"Very large Scale Integrated Circuits Laboratory";"4";"3";"76";"0";"3";"0";"0";"0";"1";"1";"25";"1";"25";"0";"0";" common.png"
"459";"EXL405M3";"IE Lab";"Innovation & Enterprenurship  Laboratory";"4";"3";"76";"0";"3";"0";"0";"0";"1";"1";"25";"1";"25";"0";"0";" common.png"
"460";"EXL405M4";"AI Lab";"Artificial Intelligence  Laboratory";"4";"3";"76";"0";"3";"0";"0";"0";"1";"1";"25";"1";"25";"0";"0";" common.png"
"461";"EXDLC6055";"MVLSI";"Department Level Course  – II 
Mixed Signal VLSI Design";"6";"3";"122";"1";"2";"0";"0";"1";"0";"0";"0";"0";"0";"1";"60";" common.png"
"462";"EXDLL6055";"MVLSI Lab";"Department Level Course  – II Mixed Signal VLSI Design Laboratory";"6";"3";"122";"0";"3";"0";"0";"0";"1";"1";"25";"0";"0";"0";"0";" common.png"
"463";"ITC401TUT";"AM-II TUT";"Applications of Mathematics in Engineering - II TUT";"4";"2";"55";"0";"1";"0";"0";"1";"0";"1";"25";"0";"0";"1";"60";" common.png"
"464";"EXL42T";"PBL-II (Mini) T";"Community Engagement PBL- Mini Project-II (Raspberry Pi based Projects) T";"4";"3";"109";"1";"1";"0";"0";"0";"1";"1";"25";"0";"0";"0";"0";" common.png"
"465";"EXPR64T";"PBL-II T";"Project Based Learning Mi0r Project Lab II T";"6";"3";"1";"0";"1";"0";"0";"0";"1";"1";"25";"1";"25";"0";"0";" common.png"
"466";"MMC5051";"MMC : AI";"Multi Minor : Artificial Intelligence";"5";"3";"99";"1";"5";"1";"10";"1";"0";"0";"0";"0";"0";"1";"60";" common.png"
"467";"MMC5052";"MMC : ICC";"Multi Minor : IoT & Cloud Computing";"5";"3";"99";"1";"5";"1";"10";"1";"0";"0";"0";"0";"0";"1";"60";" common.png"
"468";"MMC5053";"MMC : VLSI";"Multi Minor : Very Large Scale Inte Ckt";"5";"3";"99";"1";"5";"1";"10";"1";"0";"0";"0";"0";"0";"1";"60";" common.png"
"469";"MMC5054";"MMC : IE";"Multi Minor : Innovation & Enterp";"5";"3";"99";"1";"5";"1";"10";"1";"0";"0";"0";"0";"0";"1";"60";" common.png"
"470";"MMCL5051";"MMC : AIL";"Multi Minor : Artificial Intelligence Lab";"5";"3";"99";"1";"6";"1";"10";"1";"0";"0";"0";"0";"0";"1";"60";" common.png"
"471";"MMCL5052";"MMC : ICCL";"Multi Minor : IoT & Cloud Computing Lab";"5";"3";"99";"1";"6";"1";"10";"1";"0";"0";"0";"0";"0";"1";"60";" common.png"
"472";"MMCL5053";"MMC : VLSIL";"Multi Minor : Very Large Scale Inte Ckt Lab";"5";"3";"99";"1";"6";"1";"10";"1";"0";"0";"0";"0";"0";"1";"60";" common.png"
"473";"CEC502";"ML";"Machine Learning";"5";"1";"126";"1";"1";"1";"10";"1";"0";"0";"0";"0";"0";"1";"60";" CN.jpg"
"474";"CEDLC5043";"WS";"Web Security";"5";"1";"127";"1";"2";"1";"10";"1";"0";"0";"0";"0";"0";"1";"60";" IP.jpg"
"475";"CEDLL5043";"WS Lab";"Web Security Lab";"5";"1";"79";"0";"3";"0";"0";"0";"1";"1";"25";"0";"0";"0";"0";" PGM.jpg"
"476";"MMICCC505";"IoT & Cloud";"IoT & Cloud Computing";"5";"1";"127";"1";"5";"1";"10";"1";"0";"0";"0";"0";"0";"1";"60";" IP.jpg"
"477";"MMICCC504";"Industrial Enterpre";"Industrial Enterprenership";"5";"1";"127";"1";"5";"1";"10";"1";"0";"0";"0";"0";"0";"1";"60";" IP.jpg"
"478";"MMICCC507";"Minor IoT Lab";"Minor IoT Lab Cloud";"5";"1";"127";"2";"4";"1";"10";"1";"0";"0";"0";"0";"0";"1";"60";" IP.jpg"
"479";"AIDLC7031";"SP";"Speech Processing";"7";"7";"134";"1";"2";"1";"10";"1";"0";"0";"0";"0";"0";"1";"60";" common.png"
"481";"AIDLL7031";"SPL";"Speech Processing Lab";"7";"7";"82";"0";"5";"0";"0";"0";"1";"1";"25";"0";"0";"0";"0";" common.png"
"482";"MMICC506";"BMDP";"Minor - Business Model";"5";"7";"134";"1";"4";"1";"1";"1";"1";"0";"0";"0";"0";"1";"60";" common.png"
"483";"MMICC505";"IoT & Cloud";"Minor - Iot & Cloud";"5";"7";"134";"1";"4";"1";"1";"1";"1";"0";"0";"0";"0";"1";"60";" common.png"
"484";"MMICCL505";"IoT & Cloud L";"Minor - Iot & Cloud Lab";"5";"7";"134";"0";"5";"1";"1";"1";"1";"0";"0";"0";"0";"1";"60";" common.png"
"485";"MMICCL506";"BMDP";"Minor - BMDP Lab";"5";"7";"134";"0";"5";"1";"1";"1";"1";"0";"0";"0";"0";"1";"60";" common.png"
